id,firstName,lastName,phone,email,streeAddress,city,state,zipcode
1,Zacherie,Sansbury,614-283-7777,zsansbury0@stanford.edu,6 Kedzie Hill,Columbus,Ohio,43220
2,Annabel,Coburn,213-432-3087,acoburn1@techcrunch.com,2 Hoard Park,Los Angeles,California,90101
3,Ashlin,Doggerell,913-664-3378,adoggerell2@microsoft.com,9199 Mayfield Avenue,Shawnee Mission,Kansas,66220
4,Gerty,Piller,260-807-9135,gpiller3@wikia.com,065 Basil Road,Fort Wayne,Indiana,46896
5,Lonee,Ferby,936-646-2766,lferby4@ucsd.edu,136 Norway Maple Terrace,Huntsville,Texas,77343
6,Gustavo,Pirdy,571-304-5914,gpirdy5@tinyurl.com,0520 Bluestem Center,Arlington,Virginia,22234
7,Bailey,Breache,320-931-1055,bbreache6@army.mil,8 Debs Circle,Saint Cloud,Minnesota,56398
8,Hobard,Bedlington,217-651-0848,hbedlington7@dailymotion.com,1 Bluejay Avenue,Springfield,Illinois,62705
9,Hyacinth,Genney,215-313-4655,hgenney8@fotki.com,702 Transport Terrace,Philadelphia,Pennsylvania,19115
10,Quentin,Melmore,419-109-6374,qmelmore9@biglobe.ne.jp,1 Del Sol Street,Toledo,Ohio,43615
11,Cecelia,Grandham,415-645-5546,cgrandhama@loc.gov,80203 Veith Lane,San Francisco,California,94159
12,Denny,Sorbey,415-929-6334,dsorbeyb@who.int,593 Barnett Circle,Pittsburgh,Pennsylvania,15266
13,Say,Baitey,323-938-5688,sbaiteyc@php.net,777 Scott Center,Los Angeles,California,90076
14,Dredi,Leall,717-631-5701,dlealld@sbwire.com,5 Kim Point,Harrisburg,Pennsylvania,17105
15,Cahra,Shimon,607-795-3431,cshimone@reference.com,178 Browning Hill,Elmira,New York,14905
16,Hunfredo,Luxton,571-300-9110,hluxtonf@netlog.com,3 Westport Trail,Fairfax,Virginia,22036
17,Wyatt,Pitman,505-343-7429,wpitmang@sun.com,695 Randy Circle,Albuquerque,New Mexico,87115
18,Taber,Gosforth,214-502-3810,tgosforthh@youku.com,29732 Anniversary Avenue,Houston,Texas,77005
19,Patton,Eliff,815-128-3735,peliffi@nhs.uk,5910 Paget Center,Joliet,Illinois,60435
20,Jenna,Barrick,941-141-3412,jbarrickj@instagram.com,747 Mockingbird Place,Bonita Springs,Florida,34135
